ticker,category,rev0_musd,net_cash_musd,shares_m,shares_source,price,bear_g,bear_m,base_g,base_m,bull_g,bull_m
BKNG,ai-user,28500,-10000,751.38,SEC cover,164.55,0.03,0.26,0.08,0.33,0.11,0.36
EXPE,ai-user,15500,-1000,123.76,SEC diluted,265.00,0.03,0.18,0.07,0.22,0.10,0.25
CI,ai-user,280000,-25000,264.24,SEC cover,272.40,0.01,0.023,0.04,0.028,0.06,0.032
PYPL,ai-user,34300,5000,855.46,SEC cover,55.27,0.00,0.13,0.04,0.16,0.06,0.19
CMCSA,ai-user,116000,-92000,3593.00,SEC diluted,22.00,-0.02,0.11,0.00,0.14,0.02,0.16
ACN,ai-user,73100,6000,621.34,SEC diluted,176.32,0.00,0.13,0.04,0.15,0.07,0.16
BMY,outside-ai,48200,-25000,2042.71,SEC cover,62.90,-0.04,0.22,-0.01,0.27,0.02,0.30
MO,outside-ai,20100,-22000,1669.74,SEC cover,68.80,-0.03,0.40,-0.01,0.45,0.01,0.47
EOG,outside-ai,22632,-3000,524.53,SEC cover,140.35,-0.02,0.15,0.02,0.21,0.04,0.26
LMB,titan,775,-24,11.92,SEC cover,51.48,0.04,0.05,0.09,0.07,0.14,0.085
PLAB,titan,860,420,59.00,SEC cover,30.45,0.00,0.08,0.05,0.11,0.09,0.14
INOD,titan,330,134,34.38,SEC cover,69.25,0.08,0.10,0.20,0.15,0.30,0.18
WLDN,titan,420,-75,15.23,SEC cover,78.90,0.04,0.12,0.09,0.15,0.13,0.17
BELFB,titan,780,250,11.90,approx (market cap / price),252.69,0.05,0.10,0.10,0.13,0.15,0.16
ENS,shovel,3790,-684,36.07,SEC cover,178.89,0.02,0.08,0.06,0.11,0.10,0.13
MLI,shovel,4800,1420,221.18,SEC cover,60.52,0.00,0.10,0.04,0.13,0.07,0.15
VMI,shovel,4200,-700,19.30,SEC cover,466.83,0.02,0.06,0.06,0.08,0.09,0.10
WCC,shovel,24500,-5500,48.73,SEC cover,367.44,0.02,0.025,0.05,0.03,0.08,0.035
